protein,sequence,peptide,start,end,length,sample,reference,ratio,q,n
ENSTest,LPEQK,,1,5,5,620,480,0.6810050754,0.5542380986,11
ENSTest,LPEQK,,1,5,5,P1,480,0.4297142288,0.4753535985,9
ENSTest,LPEQK,,1,5,5,P1,620,0.4822123291,0.9002939751,9
ENSTest,LPEQK,,1,5,5,P2,480,0.6877763526,1.1579918098,9
ENSTest,LPEQK,,1,5,5,P2,620,0.3572597791,1.0690909064,9
ENSTest,LPEQK,,1,5,5,P3,480,1.5971983377,0.6293826606,11
ENSTest,LPEQK,,1,5,5,P3,620,-1.2415257188,0.7492354383,13
ENSTest,LPEQK,,1,5,5,P4,480,-0.2004457473,1.1614223895,15
ENSTest,LPEQK,,1,5,5,P4,620,-0.1954453139,1.2363930145,12
ENSTest,LPEQK,,1,5,5,P5,480,-0.3262307664,1.1756271727,9
ENSTest,LPEQK,,1,5,5,P5,620,-0.9083212154,1.2373359733,11
ENSTest,LPEQK,,1,5,5,P6,480,-2.4985458434,0.7369320418,10
ENSTest,LPEQK,,1,5,5,P6,620,1.0375935073,0.9040911406,9
ENSTest,LPEQK,,1,5,5,P7,480,-0.628902772,1.1883303477,10
ENSTest,LPEQK,,1,5,5,P7,620,-0.5353004074,1.2412343375,10
ENSTest,LPEQK,,1,5,5,P8,480,0.793519806,0.6525882705,10
ENSTest,LPEQK,,1,5,5,P8,620,-0.0460259202,0.6309346312,11
ENSTest,LPEQK,,1,5,5,P9,480,-0.1888567368,0.8648670262,8
ENSTest,LPEQK,,1,5,5,P9,620,1.1869198154,1.0354376483,8
ENSTest,LPEQK,,1,5,5,P10,480,-0.1154864963,1.0495494,7
ENSTest,LPEQK,,1,5,5,P10,620,0.5580996079,0.8224404786,8
ENSTest,LPEQK,,1,5,5,P11,480,0.6624163301,0.5692075938,9
ENSTest,LPEQK,,1,5,5,P11,620,0.5626234858,1.0169539806,10
ENSTest,LPEQK,,1,5,5,P12,480,1.5469400669,0.6005684884,6
ENSTest,LPEQK,,1,5,5,P12,620,0.2552338373,1.2673879663,12
ENSTest,LPEQK,,1,5,5,P13,480,-0.1112640319,0.8261604935,11
ENSTest,LPEQK,,1,5,5,P13,620,0.3212977165,1.0721345808,6
ENSTest,LPEQK,,1,5,5,P14,480,0.5163241887,0.7655908319,11
ENSTest,LPEQK,,1,5,5,P14,620,-0.0186816513,0.8521555737,9
ENSTest,LPEQK,,1,5,5,P15,480,0.5018378933,1.0942670723,11
ENSTest,LPEQK,,1,5,5,P15,620,-0.0510679251,0.959265177,7
ENSTest,LPEQK,,1,5,5,P16,480,-1.0647084741,0.6751229929,12
ENSTest,LPEQK,,1,5,5,P16,620,1.0137372037,0.9022716297,11
ENSTest,LSPNGKR,S_7,6,13,7,620,480,2,1.1432531921,6.04026485
ENSTest,LSPNGKR,,6,13,7,620,480,-2,0.7494203693,6.3334643569
ENSTest,LSPNGKR,S_7,6,13,7,P1,480,3,0.9145296178,6.9622394461
ENSTest,LSPNGKR,,6,13,7,P1,480,-3,1.0064717285,9.0503695804
ENSTest,LSPNGKR,S_7,6,13,7,P1,620,1.5,1.1928196488,7.8491767409
ENSTest,LSPNGKR,,6,13,7,P1,620,-1.5,1.0165260925,7.1633574692
ENSTest,REPLLSLYNNEK,S_37,32,43,11,620,480,0,0.9467700916,4.385917694
ENSTest,REPLLSLYNNEK,S_37;Y_39,32,43,11,620,480,2.5,0.8990860175,5.1434827707
ENSTest,REPLLSLYNNEK,Y_39,32,43,11,620,480,2.5,0.9108781769,5.0877696695
ENSTest,REPLLSLYNNEK,,32,43,11,620,480,0,0.9338714873,11.4111610739
ENSTest,REPLLSLYNNEK,S_37,32,43,11,P5,480,0,1.1502435881,3.3677758522
ENSTest,REPLLSLYNNEK,S_37;Y_39,32,43,11,P5,480,2.5,1.0964287645,1.8295408703
ENSTest,REPLLSLYNNEK,Y_39,32,43,11,P5,480,2.5,0.994314997,3.9547560205
ENSTest,REPLLSLYNNEK,,32,43,11,P5,480,0,1.0610571119,6.692212576
ENSTest,REPLLSLYNNEK,S_37,32,43,11,P6,480,0,-1.2088574,5.1144422484
ENSTest,REPLLSLYNNEK,Y_39,32,43,11,P6,480,1.5,1.6039182,2.9522062005
ENSTest,REPLLSLYNNEK,,32,43,11,P6,480,0,0.3961409,6.9266465216
